MAE,RMAE,MSE,RMSE,PSEUDOR2,CommonPartOfCommuters,sha,path
1255438488.723071,0.9484087926797216,8.331196342781945e+19,9127538738.773966,0.10516854899914518,0.301651808580962,5b323e8af839c7cffe145a1f8ebc9b566db2145b,../Deep_gravity/trade_predictions/prediction_2023-04-16_21:33:25.csv
