MAE,RMAE,MSE,RMSE,PSEUDOR2,sha,path
,,,,,ad885980b9d595019bea62fd99266d28e09fe166,../Gravity_model/prediction.csv
566661407.5115126,0.7187644539716954,1.868579585682399e+19,4322707005.664852,0.4577377131631084,a558cc622e80a75c08b99ae003756a839c71c0f8,../Gravity_model/prediction.csv
900330985.0129919,0.5920285109680488,3.3229454023345377e+19,5764499459.913703,0.7133833289232983,7b1c4e858a6c7b561b3faef77707ac7a95526429,../Gravity_model/prediction.csv
