MAE,RMAE,MSE,RMSE,PSEUDOR2,sha,path
,,,,,ad885980b9d595019bea62fd99266d28e09fe166,../Gravity_model/prediction.csv
566661407.5115126,0.7187644539716954,1.868579585682399e+19,4322707005.664852,0.4577377131631084,a558cc622e80a75c08b99ae003756a839c71c0f8,../Gravity_model/prediction.csv
