MAE,RMAE,MSE,RMSE,PSEUDOR2,CommonPartOfCommuters,sha,path
14064.029166329025,0.1547955602558353,4188547967.4557066,64718.99232416792,0.9408084311874558,0.9208152461376335,df29b97351a03cdfaae36dc1287650741e483ce8,../Random_forest/GeoDS_prediction.csv
77873.22089831231,0.8571106270698321,47132641301.26276,217100.5327060778,0.3339326653109035,0.439901819733609,df29b97351a03cdfaae36dc1287650741e483ce8,../Deep_gravity/GeoDS_mobility_predictions/prediction_2023-04-17_00:49:51.csv
