MAE,RMAE,MSE,RMSE,PSEUDOR2,CommonPartOfCommuters,sha,path
14064.029166329023,0.15479556025583532,4188547967.4557066,64718.99232416792,0.9408084311874558,0.9208152461376337,ae2d0d53c24b6fcbaccce92fc890f5f6202fd93a,../Random_forest/GeoDS_prediction.csv
