MAE,RMAE,MSE,RMSE,PSEUDOR2,CommonPartOfCommuters,sha,path
6.557726150697876,2.036000224580218,158.23821843905787,12.579277341686122,0.8880958486554227,0.06155768944071137,ae2d0d53c24b6fcbaccce92fc890f5f6202fd93a,../Random_forest/google_mobility_prediction.csv
