MAE,RMAE,MSE,RMSE,PSEUDOR2,CommonPartOfCommuters,sha,path
211299457.57043374,0.1596241195791948,2.2852548159966328e+18,1511705929.073718,0.9754546910339396,0.9199335769198921,ae2d0d53c24b6fcbaccce92fc890f5f6202fd93a,../Random_forest/trade_prediction.csv
