MAE,RMAE,MSE,RMSE,PSEUDOR2,CommonPartOfCommuters,sha,path
21.139173302518028,6.5631532336534955,1398.8151763241945,37.40073764411866,0.010774851116262973,-2.443274976847744,3043aef77f9f2ea202e2dde3b3a320582c9a0d91,../Deep_gravity/google_mobility_predictions/prediction_2023-04-18_09:07:24.csv
6.557726150697876,2.036000224580218,158.23821843905787,12.579277341686122,0.8880958486554227,0.06155768944071137,3043aef77f9f2ea202e2dde3b3a320582c9a0d91,../Random_forest/google_mobility_prediction.csv
